{
    "CPD": 0,
    "negative_Vtip": {
        "Rtip_opt": 40.353070585785304,
        "Vring_opt": 0.1050008628288586,
        "objective": 3.606789019705115
    },
    "positive_Vtip": {
        "Rtip_opt": 42.617388268295144,
        "Vring_opt": 0.20498365351060555,
        "objective": 9.139939122919227
    }
}