{
  "physical": {
    "T": 300.0,
    "Na": 6e+22,
    "sigma_s": -1e+16,
    "Eg": 5.5,
    "Ea_offset": 0.37,
    "ni": 1e-21,
    "eps_diamond": 5.7,
    "eps_vac": 1.0,
    "g_a": 4.0,
    "m_e_longitudinal_ratio": 1.56,
    "m_e_transverse_ratio": 0.28,
    "m_h_heavy_ratio": 0.67,
    "m_h_light_ratio": 0.26,
    "kTeV": 0.025851999786435535,
    "Nc": 5.265548183516686e+25,
    "Nv": 1.7088925220028232e+25,
    "Ec": 5.5,
    "Ev": 0.0,
    "Ea": 0.37,
    "Ef": 0.276060025879504,
    "n0": 9.185747733807917e-63,
    "p0": 3.936501565003205e+20,
    "Na_minus0": 3.9365015650037675e+20,
    "m_e_eff": 4.521708380795894e-31,
    "m_h_eff": 7.051001746113372e-31
  },
  "geometric": {
    "L_c": 1e-09,
    "diamond_thickness": 200.0,
    "virtual_layer_thickness": 5.0,
    "tip_radius": 45.0,
    "tip_height": 8.0,
    "l_vac": 200.0,
    "region_radius": 500.0,
    "n_tip_arc_points": 7
  },
  "simulation": {
    "V_tip": 0.0,
    "model": "Feenstra",
    "assume_full_ionization": false
  },
  "args": {
    "V_tip": 0.0,
    "tip_radius": 45.0,
    "tip_height": 8.0,
    "diamond_thickness": 200.0,
    "sigma_s": -1000000000000.0,
    "T": 300.0,
    "Na": 6e+16,
    "out_dir": "out_dia_1E12",
    "plot_fermi": false,
    "model": "Feenstra",
    "assume_full_ionization": false
  }
}