{
  "physical": {
    "T": 300.0,
    "Nd": 1e+22,
    "Na": 0.0,
    "sigma_s": 1e+16,
    "m_de": 3.825941159838e-31,
    "m_dh": 9.1093837139e-31,
    "Eg": 3.26,
    "Ed_offset": 0.09,
    "Ea_offset": 0.2,
    "ni": 8200000000000000.0,
    "eps_sic": 9.7,
    "eps_sio2": 3.9,
    "eps_vac": 1.0,
    "n0": 1.0000000000006723e+22,
    "p0": 6723999999.99548,
    "Nc": 6.83039698753619e+24,
    "Nv": 2.509412230351941e+25,
    "Ec": 3.26,
    "Ev": 0,
    "Ed": 3.17,
    "Ea": 0.2,
    "kTeV": 0.025851999786435535,
    "Ef": 3.0891153922353776
  },
  "geometric": {
    "L_c": 1e-09,
    "l_sio2": 5.0,
    "tip_radius": 45.0,
    "tip_height": 8.0,
    "l_vac": 200.0,
    "region_radius": 500.0,
    "n_tip_arc_points": 7
  },
  "simulation": {
    "V_tip": 2.0
  }
}