{
  "physical": {
    "T": 300.0,
    "Nd": 1e+22,
    "Na": 0.0,
    "sigma_s": 3.2e+16,
    "m_de": 3.825941159838e-31,
    "m_dh": 9.1093837139e-31,
    "Eg": 3.26,
    "Ed_offset_hex": 0.124,
    "Ed_offset_cub": 0.066,
    "Ed_ratio_c_to_h": 1.88,
    "Ea_offset": 0.2,
    "ni": 8200000000000000.0,
    "eps_sic": 9.7,
    "eps_sio2": 3.9,
    "eps_vac": 1.0,
    "n0": 1.0000000000006723e+22,
    "p0": 6723999999.99548,
    "Nc": 6.83039698753619e+24,
    "Nv": 2.509412230351941e+25,
    "Ec": 3.26,
    "Ev": 0,
    "Edh": 3.1359999999999997,
    "Edc": 3.194,
    "Nd_h": 3.472222222222222e+21,
    "Nd_c": 6.527777777777777e+21,
    "kTeV": 0.025851999786435535,
    "Ef": 3.0884157359746793
  },
  "geometric": {
    "L_c": 1e-09,
    "l_sio2": 5.0,
    "tip_radius": 45.0,
    "tip_height": 8.0,
    "l_vac": 200.0,
    "region_radius": 500.0,
    "n_tip_arc_points": 7
  },
  "simulation": {
    "V_tips": [
      0.0,
      0.01,
      0.02,
      0.03,
      0.04,
      0.05,
      0.06,
      0.07,
      0.08,
      0.09,
      0.1,
      0.11,
      0.12,
      0.13,
      0.14,
      0.15,
      0.16,
      0.17,
      0.18,
      0.19,
      0.2,
      0.21,
      0.22,
      0.23,
      0.24,
      0.25,
      0.26,
      0.27,
      0.28,
      0.29,
      0.3
    ],
    "model": "Feenstra",
    "assume_full_ionization": false
  },
  "args": {
    "V_tip": "0:0.3:0.01",
    "tip_radius": 45.0,
    "tip_height": 8.0,
    "l_sio2": 5.0,
    "Nd": 1e+16,
    "sigma_s": 3200000000000.0,
    "T": 300.0,
    "out_dir": "cpd_test_3p2e12",
    "plot_fermi": false,
    "model": "Feenstra",
    "assume_full_ionization": false
  }
}